Фамилия;Имя, отчество;Login;Password;Role
Константинова ;Вероника Агафоновна;loginDEsgg2018;qhgYnW;Менеджер
Меркушев ;Мартын Федотович;loginDEdcd2018;LxR6YI;Клиент
Казаков ;Федот Кондратович;loginDEisg2018;Cp8ddU;Менеджер
Карпов ;Улеб Леонидович;loginDEcph2018;7YpE0p;Администратор
Королёв ;Матвей Вадимович;loginDEgco2018;nMr|ss;Клиент
Юдин ;Герман Кондратович;loginDEwjg2018;9UfqWQ;Клиент
Беляева ;Анна Вячеславовна;loginDEjbz2018;xIAWNI;Администратор
Беляев ;Валентин Артёмович;loginDEmgu2018;0gC3bk;Менеджер
Семёнов ;Герман Дмитрьевич;loginDErdg2018;ni0ue0;Менеджер
Шестаков ;Илья Антонинович;loginDEjtv2018;f2ZaN6;Клиент
Власов ;Вадим Васильевич;loginDEtfj2018;{{ksPn;Клиент
Савельев ;Арсений Авксентьевич;loginDEpnb2018;{ADBdc;Администратор
Ефимов ;Руслан Якунович;loginDEzer2018;5&R+zs;Администратор
Бурова ;Марфа Федотовна;loginDEiin2018;y9l*b};Клиент
Селезнёв ;Александр Никитевич;loginDEqda2018;|h+r}I;Клиент
Кулакова ;Виктория Георгьевна;loginDEbnj2018;#ИМЯ?;Клиент
Дорофеева ;Кира Демьяновна;loginDEqte2018;dC8bDI;Клиент
Сафонова ;Нинель Якововна;loginDEfeo2018;8cI7vq;Клиент
Ситникова ;София Лукьевна;loginDEvni2018;e4pVIv;Клиент
Медведев ;Ириней Геннадьевич;loginDEjis2018;A9K++2;Менеджер
Суханова ;Евгения Улебовна;loginDExvv2018;R1zh}|;Менеджер
Игнатьев ;Владлен Дамирович;loginDEadl2018;F&IWf4;Менеджер
Ефремов ;Христофор Владиславович;loginDEyzn2018;P1v24R;Клиент
Кошелев ;Ростислав Куприянович;loginDEphn2018;F}jGsJ;Клиент
Галкина ;Тамара Авксентьевна;loginDEdvk2018;NKNkup;Администратор
Журавлёва ;Вера Арсеньевна;loginDEtld2018;c+CECK;Менеджер
Савина ;Таисия Глебовна;loginDEima2018;XK3sOA;Администратор
Иванов ;Яков Мэлорович;loginDEyfe2018;4Bbzpa;Клиент
Лыткин ;Ким Алексеевич;loginDEwqc2018;vRtAP*;Менеджер
Логинов ;Федот Святославович;loginDEgtt2018;7YD|BR;Менеджер
Русакова ;Марина Юлиановна;loginDEiwl2018;LhlmIl;Менеджер
Константинов ;Пётр Кондратович;loginDEyvi2018;22beR};Администратор
Поляков ;Анатолий Игоревич;loginDEtfz2018;uQY0ZQ;Клиент
Панфилова ;Василиса Григорьевна;loginDEikb2018;*QkUxc;Администратор
Воробьёв ;Герман Романович;loginDEdmi2018;HOGFbU;Клиент
Андреев ;Ростислав Федосеевич;loginDEtlo2018;58Jxrg;Администратор
Бобров ;Агафон Владимирович;loginDEsnd2018;lLHqZf;Администратор
Лапин ;Алексей Витальевич;loginDEgno2018;4fqLiO;Администратор
Шестаков ;Авдей Иванович;loginDEgnl2018;wdio{u;Клиент
Гаврилова ;Алина Эдуардовна;loginDEzna2018;yz1iMB;Клиент
Жуков ;Юлиан Валерьянович;loginDEsyh2018;&4jYGs;Менеджер
Пономарёв ;Максим Альвианович;loginDExex2018;rnh36{;Клиент
Зиновьева ;Мария Лаврентьевна;loginDEdjm2018;KjI1JR;Менеджер
Осипов ;Артём Мэлорович;loginDEgup2018;36|KhF;Клиент
Лапин ;Вячеслав Геласьевич;loginDEdat2018;ussd8Q;Администратор
Зуев ;Ириней Вадимович;loginDEffj2018;cJP+HC;Клиент
Коновалова ;Агафья Митрофановна;loginDEisp2018;dfz5Ii;Менеджер
Исаев ;Дмитрий Аристархович;loginDEfrp2018;6dcR|9;Менеджер
Белозёрова ;Алевтина Лаврентьевна;loginDEaee2018;5&qONH;Клиент
Самсонов ;Агафон Максимович;loginDEthu2018;|0xWzV;Клиент
